{
  "GuiConfig": {
    "Translations": [
      "sample",
      "sample"
    ],
    "Credits": "sample",
    "LogoImage": "sample",
    "MainBackgroundImage": "sample",
    "CreditsBackgroundImage": "sample"
  },
  "FilesInfo": {
    "ListOriFiles": [
      "DLC\\ACTIONNEPTUNIA01\\ACTIONNEPTUNIA01.ifo",
      "DLC\\ACTIONNEPTUNIA01\\dlc01_cos_name.cat",
      "DLC\\ACTIONNEPTUNIA02\\ACTIONNEPTUNIA02.ifo",
      "DLC\\ACTIONNEPTUNIA02\\dlc02_cos_name.cat",
      "DLC\\ACTIONNEPTUNIA03\\ACTIONNEPTUNIA03.ifo",
      "DLC\\ACTIONNEPTUNIA03\\dlc03_cos_name.cat",
      "DLC\\ACTIONNEPTUNIA04\\ACTIONNEPTUNIA04.ifo",
      "DLC\\ACTIONNEPTUNIA05\\ACTIONNEPTUNIA05.ifo",
      "DLC\\ACTIONNEPTUNIA06\\ACTIONNEPTUNIA06.ifo",
      "DLC\\ACTIONNEPTUNIA07\\ACTIONNEPTUNIA07.ifo",
      "GAME\\m\\font\\main_font.cat",
      "GAME\\m\\saveicon\\save_icon000.png",
      "GAME\\m\\saveicon\\save_icon998.png",
      "GAME\\m\\saveicon\\save_icon999.png",
      "GAME\\m\\script\\scenario\\scenario_table.cat",
      "GAME\\m\\script\\scenario\\script_budokai.cat",
      "GAME\\m\\script\\scenario\\script_irregular01.cat",
      "GAME\\m\\script\\scenario\\script_main.cat",
      "GAME\\m\\script\\scenario\\script_news.cat",
      "GAME\\m\\script\\scenario\\script_pair.cat",
      "GAME\\m\\script\\scenario\\script_solo.cat",
      "GAME\\m\\script\\scenario\\script_toshi.cat",
      "GAME\\m\\script\\scenario\\script_tower.cat",
      "GAME\\m\\sfx\\effect_act.cat",
      "GAME\\m\\text\\JimakuData.cat",
      "GAME\\m\\text\\text.cat",
      "GAME\\m\\ui\\action_ui.cat",
      "GAME\\m\\ui\\charsel_ui.cat",
      "GAME\\m\\ui\\common_ui.cat",
      "GAME\\m\\ui\\config_2d.cat",
      "GAME\\m\\ui\\gamenews_ui.cat",
      "GAME\\m\\ui\\quest_ui.cat",
      "GAME\\m\\ui\\result_ui.cat",
      "GAME\\m\\ui\\setup_ui.cat",
      "GAME\\m\\ui\\sound_ui.cat",
      "GAME\\m\\ui\\talk_ui.cat",
      "GAME\\m\\ui\\title_ui.cat",
      "GAME\\m\\ui\\tower_ui.cat",
      "GAME\\m\\ui\\vsmode_ui.cat",
      "GAME\\m\\ui\\world_ui.cat",
      "GAME\\m\\ui\\action\\act_clash_num.gxt",
      "GAME\\m\\ui\\action\\act_command_win.gxt",
      "GAME\\m\\ui\\action\\act_gauge_win.gxt",
      "GAME\\m\\ui\\action\\act_hit_num.gxt",
      "GAME\\m\\ui\\action\\act_t_damage_num.gxt",
      "GAME\\m\\ui\\action\\act_ui.gxt",
      "GAME\\m\\ui\\adv_bg\\bg_0033.gxt",
      "GAME\\m\\ui\\adv_bg\\bg_0072.gxt",
      "GAME\\m\\ui\\adv_bg\\bg_0999.gxt",
      "GAME\\m\\ui\\adv_bg\\bg_dungeon_10.gxt",
      "GAME\\m\\ui\\adv_bg\\bg_pattern_c01.gxt",
      "GAME\\m\\ui\\adv_bg\\bg_sta_n08_a.gxt",
      "GAME\\m\\ui\\adv_bg\\bg_sta_n08_b.gxt",
      "GAME\\m\\ui\\adv_bg\\bg_sta_n09_a.gxt",
      "GAME\\m\\ui\\adv_bg\\bg_station.gxt",
      "GAME\\m\\ui\\adv_bg\\bg_station_n08.gxt",
      "GAME\\m\\ui\\adv_bg\\bg_station_n09.gxt",
      "GAME\\m\\ui\\logo\\caution_000.gxt",
      "GAME\\m\\ui\\tutorial\\tuto03.cat",
      "GAME\\m\\ui\\tutorial\\tuto04.cat",
      "GAME\\m\\ui\\tutorial\\tuto05.cat",
      "GAME\\m\\ui\\tutorial\\tuto06.cat",
      "GAME\\m\\ui\\tutorial\\tuto07.cat",
      "GAME\\m\\ui\\tutorial\\tuto08.cat",
      "GAME\\m\\ui\\tutorial\\tuto09.cat",
      "GAME\\m\\ui\\tutorial\\tuto10.cat",
      "GAME\\m\\ui\\tutorial\\tuto11.cat",
      "GAME\\m\\ui\\tutorial\\tuto12.cat",
      "GAME\\m\\ui\\tutorial\\tuto13.cat",
      "GAME\\m\\ui\\tutorial\\tuto14.cat",
      "GAME\\m\\ui\\tutorial\\tuto15.cat",
      "GAME\\m\\ui\\tutorial\\tuto16.cat",
	  "GAME\\m\\movie\\Ending.usm"
    ],
    "ListXdeltaFiles": [
      "DLC\\ACTIONNEPTUNIA01\\ACTIONNEPTUNIA01.ifo.xdelta",
      "DLC\\ACTIONNEPTUNIA01\\dlc01_cos_name.cat.xdelta",
      "DLC\\ACTIONNEPTUNIA02\\ACTIONNEPTUNIA02.ifo.xdelta",
      "DLC\\ACTIONNEPTUNIA02\\dlc02_cos_name.cat.xdelta",
      "DLC\\ACTIONNEPTUNIA03\\ACTIONNEPTUNIA03.ifo.xdelta",
      "DLC\\ACTIONNEPTUNIA03\\dlc03_cos_name.cat.xdelta",
      "DLC\\ACTIONNEPTUNIA04\\ACTIONNEPTUNIA04.ifo.xdelta",
      "DLC\\ACTIONNEPTUNIA05\\ACTIONNEPTUNIA05.ifo.xdelta",
      "DLC\\ACTIONNEPTUNIA06\\ACTIONNEPTUNIA06.ifo.xdelta",
      "DLC\\ACTIONNEPTUNIA07\\ACTIONNEPTUNIA07.ifo.xdelta",
      "GAME\\m\\font\\main_font.cat.xdelta",
      "GAME\\m\\saveicon\\save_icon000.png.xdelta",
      "GAME\\m\\saveicon\\save_icon998.png.xdelta",
      "GAME\\m\\saveicon\\save_icon999.png.xdelta",
      "GAME\\m\\script\\scenario\\scenario_table.cat.xdelta",
      "GAME\\m\\script\\scenario\\script_budokai.cat.xdelta",
      "GAME\\m\\script\\scenario\\script_irregular01.cat.xdelta",
      "GAME\\m\\script\\scenario\\script_main.cat.xdelta",
      "GAME\\m\\script\\scenario\\script_news.cat.xdelta",
      "GAME\\m\\script\\scenario\\script_pair.cat.xdelta",
      "GAME\\m\\script\\scenario\\script_solo.cat.xdelta",
      "GAME\\m\\script\\scenario\\script_toshi.cat.xdelta",
      "GAME\\m\\script\\scenario\\script_tower.cat.xdelta",
      "GAME\\m\\sfx\\effect_act.cat.xdelta",
      "GAME\\m\\text\\JimakuData.cat.xdelta",
      "GAME\\m\\text\\text.cat.xdelta",
      "GAME\\m\\ui\\action_ui.cat.xdelta",
      "GAME\\m\\ui\\charsel_ui.cat.xdelta",
      "GAME\\m\\ui\\common_ui.cat.xdelta",
      "GAME\\m\\ui\\config_2d.cat.xdelta",
      "GAME\\m\\ui\\gamenews_ui.cat.xdelta",
      "GAME\\m\\ui\\quest_ui.cat.xdelta",
      "GAME\\m\\ui\\result_ui.cat.xdelta",
      "GAME\\m\\ui\\setup_ui.cat.xdelta",
      "GAME\\m\\ui\\sound_ui.cat.xdelta",
      "GAME\\m\\ui\\talk_ui.cat.xdelta",
      "GAME\\m\\ui\\title_ui.cat.xdelta",
      "GAME\\m\\ui\\tower_ui.cat.xdelta",
      "GAME\\m\\ui\\vsmode_ui.cat.xdelta",
      "GAME\\m\\ui\\world_ui.cat.xdelta",
      "GAME\\m\\ui\\action\\act_clash_num.gxt.xdelta",
      "GAME\\m\\ui\\action\\act_command_win.gxt.xdelta",
      "GAME\\m\\ui\\action\\act_gauge_win.gxt.xdelta",
      "GAME\\m\\ui\\action\\act_hit_num.gxt.xdelta",
      "GAME\\m\\ui\\action\\act_t_damage_num.gxt.xdelta",
      "GAME\\m\\ui\\action\\act_ui.gxt.xdelta",
      "GAME\\m\\ui\\adv_bg\\bg_0033.gxt.xdelta",
      "GAME\\m\\ui\\adv_bg\\bg_0072.gxt.xdelta",
      "GAME\\m\\ui\\adv_bg\\bg_0999.gxt.xdelta",
      "GAME\\m\\ui\\adv_bg\\bg_dungeon_10.gxt.xdelta",
      "GAME\\m\\ui\\adv_bg\\bg_pattern_c01.gxt.xdelta",
      "GAME\\m\\ui\\adv_bg\\bg_sta_n08_a.gxt.xdelta",
      "GAME\\m\\ui\\adv_bg\\bg_sta_n08_b.gxt.xdelta",
      "GAME\\m\\ui\\adv_bg\\bg_sta_n09_a.gxt.xdelta",
      "GAME\\m\\ui\\adv_bg\\bg_station.gxt.xdelta",
      "GAME\\m\\ui\\adv_bg\\bg_station_n08.gxt.xdelta",
      "GAME\\m\\ui\\adv_bg\\bg_station_n09.gxt.xdelta",
      "GAME\\m\\ui\\logo\\caution_000.gxt.xdelta",
      "GAME\\m\\ui\\tutorial\\tuto03.cat.xdelta",
      "GAME\\m\\ui\\tutorial\\tuto04.cat.xdelta",
      "GAME\\m\\ui\\tutorial\\tuto05.cat.xdelta",
      "GAME\\m\\ui\\tutorial\\tuto06.cat.xdelta",
      "GAME\\m\\ui\\tutorial\\tuto07.cat.xdelta",
      "GAME\\m\\ui\\tutorial\\tuto08.cat.xdelta",
      "GAME\\m\\ui\\tutorial\\tuto09.cat.xdelta",
      "GAME\\m\\ui\\tutorial\\tuto10.cat.xdelta",
      "GAME\\m\\ui\\tutorial\\tuto11.cat.xdelta",
      "GAME\\m\\ui\\tutorial\\tuto12.cat.xdelta",
      "GAME\\m\\ui\\tutorial\\tuto13.cat.xdelta",
      "GAME\\m\\ui\\tutorial\\tuto14.cat.xdelta",
      "GAME\\m\\ui\\tutorial\\tuto15.cat.xdelta",
      "GAME\\m\\ui\\tutorial\\tuto16.cat.xdelta",
	  "GAME\\m\\movie\\Ending.usm.xdelta"
    ],
    "ListMd5Files": [
      "41ef41189d4a9624ee554392cd71c0be",
      "a0c7c3658219dd8f4252cd9055226420",
      "d8846b310609cf03259e51d538d16893",
      "89e5ddddb3eb0a7b371758e55d5a1652",
      "4b50e7379a5a775d6799b1e08b0dba34",
      "83b35435a98662804e5f7db071c2ca38",
      "31dba7a70c7a646d09449cf83653fe3c",
      "9b582c6e1a6bb7543b9a3e56571dc1e2",
      "80c3d83110a9eaa167bdc934a51310ba",
      "38467e9c656a6d1af2a777343179c037",
      "d4f224cc5a275db15b6b97a882965644",
      "1f90e5d1f7478b2fc9483aeb1becac63",
      "82a774b5322da717f6ca0378f125a29b",
      "eaba6fb1cc0715a19c474d834009db69",
      "20ea20743aa7cf2a6968ae014cb0a730",
      "b425dc7a3c438101ec4ed9aaac5e378f",
      "95321851a2186574dc3d0686c1ba314d",
      "d54cab3b5d12a0c301ffdaed3f268274",
      "e03c9f4aa99159b9d6dce37a753abab6",
      "8b12e7ac433d3070bb349e35d2f09178",
      "b61f2dce6770c6c50226761c57267ea4",
      "154f6667f4c69cdb4e1195b8ac33fe08",
      "5dbb75f39886ea24e9464697f367aea1",
      "361671e127ee793be83f9b101bbe96c9",
      "cda008519f121a423b58b1318a75c059",
      "c502b9fa3bc795d6ff5e5ea2d4395d0b",
      "858ebd420eb71a48e7cc489ddf41c3ed",
      "e6f7e4a550ad8a071923ee64fd218c16",
      "2c86be45ae0bebe765a2b67ec7423a05",
      "52890f4049f3c9e3a51e305c51133385",
      "cbe875fd66907c7aa5298ac2608a4cdf",
      "4dcaf980ea1a201502cfe87605ab155a",
      "98618dcf2f1d70195cb22f96bd2ee6bb",
      "8a2b57a911281888e5e0d907c4e414aa",
      "02efb9e1c33b2df989a2da0aac4b155f",
      "4609c619797b114ea85fa886fe5908b8",
      "c39426d4610cd606a3c020e4824bd734",
      "387f38926df371a641b9b32e6e67d078",
      "891539adb2ef3f16345ae513ea6dd1d1",
      "a0583feb527eb68e16d8329eb22778d1",
      "81135889da08df06bb32a990c8e464bf",
      "86c6848ecf0293672fc06e518e22a592",
      "fa714d226a89ba0c9227968fa92a5173",
      "d327ec3694c33e1509fcaa2dfb297e85",
      "f54db76065375bca274278e77e9468c7",
      "085b0bb08841fd3ef81c1a4cb50ff6c3",
      "304499806d381f67cb7ba2fb536cb449",
      "b4f9a6ae47433b9fc68ed00ef0f0006b",
      "77a0f2ec13e98373c9d8a29ff258f626",
      "304499806d381f67cb7ba2fb536cb449",
      "f38d7c8f84e402550e0fcfa35c0a137d",
      "2f5840b890b87195963847c434b7ca7a",
      "bede98fa29d269f4428edd28e23b024d",
      "4b0a451da5575179744e2a1c0884faf7",
      "7df9d9e768a433b40f50c5eaeeb87c69",
      "7df9d9e768a433b40f50c5eaeeb87c69",
      "4af0c0c74e17990220a4f3155a7eae8e",
      "7c3f8170137e58dda34a35b05ce78019",
      "1ea240a9684bf865b0c4f7216bfec173",
      "39c3653aad3736d4dd5e00d4c0137961",
      "606b3e8e51776ce6e35eb26d035e1cfb",
      "00020ee0505ffb571a67e56acbad03df",
      "0b1add75887d1c07202c2912c27216a2",
      "af34c7c61d69afcbb678492daff67a69",
      "4e22e3a6a8bf892c1cadd25099c9bbde",
      "a6a748dd0eaa82ba3881320ba6e2e3e2",
      "5d1b261cf9d19728fc6f34745b07e2dc",
      "64a3bc8806611d21705469ba1fffee46",
      "99f3cca7ea7513ba91b76fad0794373e",
      "9ed3a05194bc586d91d1dcb6f15aeea3",
      "5364d2933b65be8a31e8a4d97ddc1f6e",
      "fb92f37a4ae751cd40d220b9a607bfa6",
	  "b7b80dd8053948df3327ff0d87790404"
    ]
  },
  "Info": {
    "PatchId": 1,
    "PatchVersion": "1.0.0",
    "Changelog": "<h1>Sample</h1>"
  },
  "OutFolder": "asdasd",
  "TempFolder": "asdasdad",
  "FilePath": "C:\\Blablabla"
}