{
  "GuiConfig": {
    "Translations": [
      "sample",
      "sample"
    ],
    "Credits": "sample",
    "LogoImage": "sample",
    "MainBackgroundImage": "sample",
    "CreditsBackgroundImage": "sample"
  },
  "FilesInfo": {
    "ListOriFiles": [
      "Neptunia.exe",
      "dlc\\ACTIONNEPTUNIA01\\ACTIONNEPTUNIA01.ifo",
      "dlc\\ACTIONNEPTUNIA01\\dlc01_cos_name.cat",
      "dlc\\ACTIONNEPTUNIA02\\ACTIONNEPTUNIA02.ifo",
      "dlc\\ACTIONNEPTUNIA02\\dlc02_cos_name.cat",
      "dlc\\ACTIONNEPTUNIA03\\ACTIONNEPTUNIA03.ifo",
      "dlc\\ACTIONNEPTUNIA03\\dlc03_cos_name.cat",
      "dlc\\ACTIONNEPTUNIA04\\ACTIONNEPTUNIA04.ifo",
      "dlc\\ACTIONNEPTUNIA05\\ACTIONNEPTUNIA05.ifo",
      "dlc\\ACTIONNEPTUNIA06\\ACTIONNEPTUNIA06.ifo",
      "dlc\\ACTIONNEPTUNIA07\\ACTIONNEPTUNIA07.ifo",
      "font\\main_font.cat",
      "script\\scenario\\scenario_table.cat",
      "script\\scenario\\script_budokai.cat",
      "script\\scenario\\script_irregular01.cat",
      "script\\scenario\\script_main.cat",
      "script\\scenario\\script_news.cat",
      "script\\scenario\\script_pair.cat",
      "script\\scenario\\script_solo.cat",
      "script\\scenario\\script_toshi.cat",
      "script\\scenario\\script_tower.cat",
      "sfx\\effect_act.cat",
      "sfx\\effect_n00.cat",
      "sfx\\effect_n01.cat",
      "sfx\\effect_n02.cat",
      "sfx\\effect_n03.cat",
      "sfx\\effect_n04.cat",
      "sfx\\effect_n05.cat",
      "sfx\\effect_n06.cat",
      "sfx\\effect_n07.cat",
      "sfx\\effect_n08.cat",
      "sfx\\effect_n09.cat",
      "text\\JimakuData.cat",
      "text\\text.cat",
      "ui\\action_ui.cat",
      "ui\\adveff_ui.cat",
      "ui\\charsel_ui.cat",
      "ui\\common_ui.cat",
      "ui\\config_2d.cat",
      "ui\\config_dsteam.cat",
      "ui\\gamenews_ui.cat",
      "ui\\quest_ui.cat",
      "ui\\result_ui.cat",
      "ui\\setup_ui.cat",
      "ui\\sound_ui.cat",
      "ui\\talk_ui.cat",
      "ui\\title_ui.cat",
      "ui\\tower_ui.cat",
      "ui\\tutorial_base.cat",
      "ui\\vsmode_ui.cat",
      "ui\\world_ui.cat",
      "ui\\2dbg\\bg_0053.gxt",
      "ui\\action\\act_action_help00.gxt",
      "ui\\action\\act_action_yabure.gxt",
      "ui\\action\\act_clash_num.gxt",
      "ui\\action\\act_command_win.gxt",
      "ui\\action\\act_cri_eff00.gxt",
      "ui\\action\\act_damage_num.gxt",
      "ui\\action\\act_face_g00.gxt",
      "ui\\action\\act_face_g01.gxt",
      "ui\\action\\act_face_g02.gxt",
      "ui\\action\\act_face_g03.gxt",
      "ui\\action\\act_face_g04.gxt",
      "ui\\action\\act_face_g05.gxt",
      "ui\\action\\act_face_g06.gxt",
      "ui\\action\\act_face_g07.gxt",
      "ui\\action\\act_face_g08.gxt",
      "ui\\action\\act_face_g09.gxt",
      "ui\\action\\act_face_n00.gxt",
      "ui\\action\\act_face_n01.gxt",
      "ui\\action\\act_face_n02.gxt",
      "ui\\action\\act_face_n03.gxt",
      "ui\\action\\act_face_n04.gxt",
      "ui\\action\\act_face_n05.gxt",
      "ui\\action\\act_face_n06.gxt",
      "ui\\action\\act_face_n07.gxt",
      "ui\\action\\act_face_n08.gxt",
      "ui\\action\\act_face_n09.gxt",
      "ui\\action\\act_gauge_win.gxt",
      "ui\\action\\act_gauge_win_00.gxt",
      "ui\\action\\act_hit_num.gxt",
      "ui\\action\\act_hp_danger.gxt",
      "ui\\action\\act_minimap_area.gxt",
      "ui\\action\\act_minimap_bg00.gxt",
      "ui\\action\\act_minimap_bg01.gxt",
      "ui\\action\\act_minimap_bg02.gxt",
      "ui\\action\\act_minimap_bg03.gxt",
      "ui\\action\\act_minimap_bg04.gxt",
      "ui\\action\\act_minimap_bg05.gxt",
      "ui\\action\\act_minimap_bg06.gxt",
      "ui\\action\\act_minimap_bg07.gxt",
      "ui\\action\\act_minimap_bg08.gxt",
      "ui\\action\\act_minimap_bg09.gxt",
      "ui\\action\\act_minimap_bg10.gxt",
      "ui\\action\\act_minimap_bg11.gxt",
      "ui\\action\\act_minimap_bg12.gxt",
      "ui\\action\\act_minimap_frame.gxt",
      "ui\\action\\act_minimap_sample.gxt",
      "ui\\action\\act_num_00.gxt",
      "ui\\action\\act_sp_eff.gxt",
      "ui\\action\\act_sp_gauge.gxt",
      "ui\\action\\act_sp_win.gxt",
      "ui\\action\\act_t_damage_num.gxt",
      "ui\\action\\act_talk_win.gxt",
      "ui\\action\\act_ui.gxt",
      "ui\\action\\n00.gxt",
      "ui\\action\\n01.gxt",
      "ui\\action\\n02.gxt",
      "ui\\action\\n03.gxt",
      "ui\\action\\n04.gxt",
      "ui\\action\\n05.gxt",
      "ui\\action\\n06.gxt",
      "ui\\action\\n07.gxt",
      "ui\\action\\n08.gxt",
      "ui\\action\\n09.gxt",
      "ui\\adv_bg\\bg_0000.gxt",
      "ui\\adv_bg\\bg_0001.gxt",
      "ui\\adv_bg\\bg_0002.gxt",
      "ui\\adv_bg\\bg_0003.gxt",
      "ui\\adv_bg\\bg_0004.gxt",
      "ui\\adv_bg\\bg_0005.gxt",
      "ui\\adv_bg\\bg_0006.gxt",
      "ui\\adv_bg\\bg_0007.gxt",
      "ui\\adv_bg\\bg_0008.gxt",
      "ui\\adv_bg\\bg_0009.gxt",
      "ui\\adv_bg\\bg_0010.gxt",
      "ui\\adv_bg\\bg_0011.gxt",
      "ui\\adv_bg\\bg_0012.gxt",
      "ui\\adv_bg\\bg_0013.gxt",
      "ui\\adv_bg\\bg_0014.gxt",
      "ui\\adv_bg\\bg_0015.gxt",
      "ui\\adv_bg\\bg_0016.gxt",
      "ui\\adv_bg\\bg_0017.gxt",
      "ui\\adv_bg\\bg_0018.gxt",
      "ui\\adv_bg\\bg_0019.gxt",
      "ui\\adv_bg\\bg_0020.gxt",
      "ui\\adv_bg\\bg_0021.gxt",
      "ui\\adv_bg\\bg_0022.gxt",
      "ui\\adv_bg\\bg_0023.gxt",
      "ui\\adv_bg\\bg_0024.gxt",
      "ui\\adv_bg\\bg_0025.gxt",
      "ui\\adv_bg\\bg_0026.gxt",
      "ui\\adv_bg\\bg_0027.gxt",
      "ui\\adv_bg\\bg_0028.gxt",
      "ui\\adv_bg\\bg_0029.gxt",
      "ui\\adv_bg\\bg_0030.gxt",
      "ui\\adv_bg\\bg_0031.gxt",
      "ui\\adv_bg\\bg_0032.gxt",
      "ui\\adv_bg\\bg_0033.gxt",
      "ui\\adv_bg\\bg_0034.gxt",
      "ui\\adv_bg\\bg_0035.gxt",
      "ui\\adv_bg\\bg_0036.gxt",
      "ui\\adv_bg\\bg_0037.gxt",
      "ui\\adv_bg\\bg_0038.gxt",
      "ui\\adv_bg\\bg_0039.gxt",
      "ui\\adv_bg\\bg_0040.gxt",
      "ui\\adv_bg\\bg_0041.gxt",
      "ui\\adv_bg\\bg_0042.gxt",
      "ui\\adv_bg\\bg_0043.gxt",
      "ui\\adv_bg\\bg_0044.gxt",
      "ui\\adv_bg\\bg_0045.gxt",
      "ui\\adv_bg\\bg_0046.gxt",
      "ui\\adv_bg\\bg_0047.gxt",
      "ui\\adv_bg\\bg_0048.gxt",
      "ui\\adv_bg\\bg_0049.gxt",
      "ui\\adv_bg\\bg_0050.gxt",
      "ui\\adv_bg\\bg_0051.gxt",
      "ui\\adv_bg\\bg_0052.gxt",
      "ui\\adv_bg\\bg_0053.gxt",
      "ui\\adv_bg\\bg_0054.gxt",
      "ui\\adv_bg\\bg_0055.gxt",
      "ui\\adv_bg\\bg_0056.gxt",
      "ui\\adv_bg\\bg_0057.gxt",
      "ui\\adv_bg\\bg_0058.gxt",
      "ui\\adv_bg\\bg_0059.gxt",
      "ui\\adv_bg\\bg_0060.gxt",
      "ui\\adv_bg\\bg_0061.gxt",
      "ui\\adv_bg\\bg_0062.gxt",
      "ui\\adv_bg\\bg_0063.gxt",
      "ui\\adv_bg\\bg_0064.gxt",
      "ui\\adv_bg\\bg_0065.gxt",
      "ui\\adv_bg\\bg_0066.gxt",
      "ui\\adv_bg\\bg_0067.gxt",
      "ui\\adv_bg\\bg_0068.gxt",
      "ui\\adv_bg\\bg_0069.gxt",
      "ui\\adv_bg\\bg_0070.gxt",
      "ui\\adv_bg\\bg_0071.gxt",
      "ui\\adv_bg\\bg_0072.gxt",
      "ui\\adv_bg\\bg_0073.gxt",
      "ui\\adv_bg\\bg_0074.gxt",
      "ui\\adv_bg\\bg_0075.gxt",
      "ui\\adv_bg\\bg_0999.gxt",
      "ui\\adv_bg\\bg_dungeon_00.gxt",
      "ui\\adv_bg\\bg_dungeon_01.gxt",
      "ui\\adv_bg\\bg_dungeon_02.gxt",
      "ui\\adv_bg\\bg_dungeon_03.gxt",
      "ui\\adv_bg\\bg_dungeon_04.gxt",
      "ui\\adv_bg\\bg_dungeon_05.gxt",
      "ui\\adv_bg\\bg_dungeon_06.gxt",
      "ui\\adv_bg\\bg_dungeon_07.gxt",
      "ui\\adv_bg\\bg_dungeon_08.gxt",
      "ui\\adv_bg\\bg_dungeon_09.gxt",
      "ui\\adv_bg\\bg_dungeon_10.gxt",
      "ui\\adv_bg\\bg_dungeon_11.gxt",
      "ui\\adv_bg\\bg_dungeon_12.gxt",
      "ui\\adv_bg\\bg_pattern_c01.gxt",
      "ui\\adv_bg\\bg_sta_n08_a.gxt",
      "ui\\adv_bg\\bg_sta_n08_b.gxt",
      "ui\\adv_bg\\bg_sta_n09_a.gxt",
      "ui\\adv_bg\\bg_sta_n09_b.gxt",
      "ui\\adv_bg\\bg_station.gxt",
      "ui\\adv_bg\\bg_station_n08.gxt",
      "ui\\adv_bg\\bg_station_n09.gxt",
      "ui\\loading\\back00.gxt",
      "ui\\loading\\back01.gxt",
      "ui\\loading\\back02.gxt",
      "ui\\loading\\back03.gxt",
      "ui\\loading\\back04.gxt",
      "ui\\loading\\back05.gxt",
      "ui\\loading\\back06.gxt",
      "ui\\loading\\back07.gxt",
      "ui\\loading\\back08.gxt",
      "ui\\loading\\back09.gxt",
      "ui\\logo\\caution_000.lds",
      "ui\\logo\\logo_bishamon.lds",
      "ui\\logo\\logo_criware.lds",
      "ui\\logo\\logo_table.cat",
      "ui\\logo\\logo_tam.lds",
      "ui\\mob\\aui_mob_win_00.gxt",
      "ui\\mob\\aui_mob_win_08.gxt",
      "ui\\mob\\aui_mob_win_09.gxt",
      "ui\\mob\\aui_mob_win_10.gxt",
      "ui\\mob\\aui_mob_win_11.gxt",
      "ui\\mob\\aui_mob_win_12.gxt",
      "ui\\mob\\aui_mob_win_13.gxt",
      "ui\\mob\\aui_mob_win_14.gxt",
      "ui\\mob\\aui_mob_win_15.gxt",
      "ui\\mob\\aui_mob_win_16.gxt",
      "ui\\mob\\aui_mob_win_17.gxt",
      "ui\\mob\\aui_mob_win_18.gxt",
      "ui\\mob\\aui_mob_win_19.gxt",
      "ui\\mob\\aui_mob_win_25.gxt",
      "ui\\mob\\aui_mob_win_29.gxt",
      "ui\\mob\\aui_mob_win_30.gxt",
      "ui\\mob\\aui_mob_win_31.gxt",
      "ui\\mob\\aui_mob_win_32.gxt",
      "ui\\mob\\aui_mob_win_33.gxt",
      "ui\\mob\\aui_mob_win_38.gxt",
      "ui\\mob\\aui_mob_win_39.gxt",
      "ui\\mob\\aui_mob_win_40.gxt",
      "ui\\mob\\aui_mob_win_41.gxt",
      "ui\\mob\\aui_mob_win_42.gxt",
      "ui\\mob\\aui_mob_win_43.gxt",
      "ui\\mob\\aui_mob_win_44.gxt",
      "ui\\mob\\aui_mob_win_45.gxt",
      "ui\\mob\\aui_mob_win_46.gxt",
      "ui\\mob\\aui_mob_win_47.gxt",
      "ui\\mob\\aui_mob_win_48.gxt",
      "ui\\mob\\aui_mob_win_49.gxt",
      "ui\\mob\\aui_mob_win_50.gxt",
      "ui\\mob\\aui_mob_win_51.gxt",
      "ui\\mob\\aui_mob_win_52.gxt",
      "ui\\mob\\aui_mob_win_53.gxt",
      "ui\\mob\\aui_mob_win_54.gxt",
      "ui\\mob\\aui_mob_win_55.gxt",
      "ui\\mob\\aui_mob_win_56.gxt",
      "ui\\mob\\aui_mob_win_57.gxt",
      "ui\\mob\\aui_mob_win_58.gxt",
      "ui\\mob\\aui_mob_win_59.gxt",
      "ui\\mob\\aui_mob_win_60.gxt",
      "ui\\mob\\aui_mob_win_61.gxt",
      "ui\\mob\\aui_mob_win_62.gxt",
      "ui\\mob\\aui_mob_win_63.gxt",
      "ui\\mob\\aui_mob_win_64.gxt",
      "ui\\result\\banner00.gxt",
      "ui\\result\\banner01.gxt",
      "ui\\result\\banner02.gxt",
      "ui\\result\\banner03.gxt",
      "ui\\result\\banner04.gxt",
      "ui\\result\\banner05.gxt",
      "ui\\result\\banner06.gxt",
      "ui\\result\\banner07.gxt",
      "ui\\result\\banner08.gxt",
      "ui\\result\\banner09.gxt",
      "ui\\result\\cha00.gxt",
      "ui\\result\\cha01.gxt",
      "ui\\result\\cha02.gxt",
      "ui\\result\\cha03.gxt",
      "ui\\result\\cha04.gxt",
      "ui\\result\\cha05.gxt",
      "ui\\result\\cha06.gxt",
      "ui\\result\\cha07.gxt",
      "ui\\result\\cha08.gxt",
      "ui\\result\\cha09.gxt",
      "ui\\result\\num.gxt",
      "ui\\tutorial\\tuto01.cat",
      "ui\\tutorial\\tuto02.cat",
      "ui\\tutorial\\tuto03.cat",
      "ui\\tutorial\\tuto04.cat",
      "ui\\tutorial\\tuto05.cat",
      "ui\\tutorial\\tuto06.cat",
      "ui\\tutorial\\tuto07.cat",
      "ui\\tutorial\\tuto08.cat",
      "ui\\tutorial\\tuto09.cat",
      "ui\\tutorial\\tuto10.cat",
      "ui\\tutorial\\tuto11.cat",
      "ui\\tutorial\\tuto12.cat",
      "ui\\tutorial\\tuto13.cat",
      "ui\\tutorial\\tuto14.cat",
      "ui\\tutorial\\tuto15.cat",
      "ui\\tutorial\\tuto16.cat",
	  "movie\\Ending.wmv"
    ],
    "ListXdeltaFiles": [
      "Neptunia.exe.xdelta",
      "dlc\\ACTIONNEPTUNIA01\\ACTIONNEPTUNIA01.ifo.xdelta",
      "dlc\\ACTIONNEPTUNIA01\\dlc01_cos_name.cat.xdelta",
      "dlc\\ACTIONNEPTUNIA02\\ACTIONNEPTUNIA02.ifo.xdelta",
      "dlc\\ACTIONNEPTUNIA02\\dlc02_cos_name.cat.xdelta",
      "dlc\\ACTIONNEPTUNIA03\\ACTIONNEPTUNIA03.ifo.xdelta",
      "dlc\\ACTIONNEPTUNIA03\\dlc03_cos_name.cat.xdelta",
      "dlc\\ACTIONNEPTUNIA04\\ACTIONNEPTUNIA04.ifo.xdelta",
      "dlc\\ACTIONNEPTUNIA05\\ACTIONNEPTUNIA05.ifo.xdelta",
      "dlc\\ACTIONNEPTUNIA06\\ACTIONNEPTUNIA06.ifo.xdelta",
      "dlc\\ACTIONNEPTUNIA07\\ACTIONNEPTUNIA07.ifo.xdelta",
      "font\\main_font.cat.xdelta",
      "script\\scenario\\scenario_table.cat.xdelta",
      "script\\scenario\\script_budokai.cat.xdelta",
      "script\\scenario\\script_irregular01.cat.xdelta",
      "script\\scenario\\script_main.cat.xdelta",
      "script\\scenario\\script_news.cat.xdelta",
      "script\\scenario\\script_pair.cat.xdelta",
      "script\\scenario\\script_solo.cat.xdelta",
      "script\\scenario\\script_toshi.cat.xdelta",
      "script\\scenario\\script_tower.cat.xdelta",
      "sfx\\effect_act.cat.xdelta",
      "sfx\\effect_n00.cat.xdelta",
      "sfx\\effect_n01.cat.xdelta",
      "sfx\\effect_n02.cat.xdelta",
      "sfx\\effect_n03.cat.xdelta",
      "sfx\\effect_n04.cat.xdelta",
      "sfx\\effect_n05.cat.xdelta",
      "sfx\\effect_n06.cat.xdelta",
      "sfx\\effect_n07.cat.xdelta",
      "sfx\\effect_n08.cat.xdelta",
      "sfx\\effect_n09.cat.xdelta",
      "text\\JimakuData.cat.xdelta",
      "text\\text.cat.xdelta",
      "ui\\action_ui.cat.xdelta",
      "ui\\adveff_ui.cat.xdelta",
      "ui\\charsel_ui.cat.xdelta",
      "ui\\common_ui.cat.xdelta",
      "ui\\config_2d.cat.xdelta",
      "ui\\config_dsteam.cat.xdelta",
      "ui\\gamenews_ui.cat.xdelta",
      "ui\\quest_ui.cat.xdelta",
      "ui\\result_ui.cat.xdelta",
      "ui\\setup_ui.cat.xdelta",
      "ui\\sound_ui.cat.xdelta",
      "ui\\talk_ui.cat.xdelta",
      "ui\\title_ui.cat.xdelta",
      "ui\\tower_ui.cat.xdelta",
      "ui\\tutorial_base.cat.xdelta",
      "ui\\vsmode_ui.cat.xdelta",
      "ui\\world_ui.cat.xdelta",
      "ui\\2dbg\\bg_0053.gxt.xdelta",
      "ui\\action\\act_action_help00.gxt.xdelta",
      "ui\\action\\act_action_yabure.gxt.xdelta",
      "ui\\action\\act_clash_num.gxt.xdelta",
      "ui\\action\\act_command_win.gxt.xdelta",
      "ui\\action\\act_cri_eff00.gxt.xdelta",
      "ui\\action\\act_damage_num.gxt.xdelta",
      "ui\\action\\act_face_g00.gxt.xdelta",
      "ui\\action\\act_face_g01.gxt.xdelta",
      "ui\\action\\act_face_g02.gxt.xdelta",
      "ui\\action\\act_face_g03.gxt.xdelta",
      "ui\\action\\act_face_g04.gxt.xdelta",
      "ui\\action\\act_face_g05.gxt.xdelta",
      "ui\\action\\act_face_g06.gxt.xdelta",
      "ui\\action\\act_face_g07.gxt.xdelta",
      "ui\\action\\act_face_g08.gxt.xdelta",
      "ui\\action\\act_face_g09.gxt.xdelta",
      "ui\\action\\act_face_n00.gxt.xdelta",
      "ui\\action\\act_face_n01.gxt.xdelta",
      "ui\\action\\act_face_n02.gxt.xdelta",
      "ui\\action\\act_face_n03.gxt.xdelta",
      "ui\\action\\act_face_n04.gxt.xdelta",
      "ui\\action\\act_face_n05.gxt.xdelta",
      "ui\\action\\act_face_n06.gxt.xdelta",
      "ui\\action\\act_face_n07.gxt.xdelta",
      "ui\\action\\act_face_n08.gxt.xdelta",
      "ui\\action\\act_face_n09.gxt.xdelta",
      "ui\\action\\act_gauge_win.gxt.xdelta",
      "ui\\action\\act_gauge_win_00.gxt.xdelta",
      "ui\\action\\act_hit_num.gxt.xdelta",
      "ui\\action\\act_hp_danger.gxt.xdelta",
      "ui\\action\\act_minimap_area.gxt.xdelta",
      "ui\\action\\act_minimap_bg00.gxt.xdelta",
      "ui\\action\\act_minimap_bg01.gxt.xdelta",
      "ui\\action\\act_minimap_bg02.gxt.xdelta",
      "ui\\action\\act_minimap_bg03.gxt.xdelta",
      "ui\\action\\act_minimap_bg04.gxt.xdelta",
      "ui\\action\\act_minimap_bg05.gxt.xdelta",
      "ui\\action\\act_minimap_bg06.gxt.xdelta",
      "ui\\action\\act_minimap_bg07.gxt.xdelta",
      "ui\\action\\act_minimap_bg08.gxt.xdelta",
      "ui\\action\\act_minimap_bg09.gxt.xdelta",
      "ui\\action\\act_minimap_bg10.gxt.xdelta",
      "ui\\action\\act_minimap_bg11.gxt.xdelta",
      "ui\\action\\act_minimap_bg12.gxt.xdelta",
      "ui\\action\\act_minimap_frame.gxt.xdelta",
      "ui\\action\\act_minimap_sample.gxt.xdelta",
      "ui\\action\\act_num_00.gxt.xdelta",
      "ui\\action\\act_sp_eff.gxt.xdelta",
      "ui\\action\\act_sp_gauge.gxt.xdelta",
      "ui\\action\\act_sp_win.gxt.xdelta",
      "ui\\action\\act_t_damage_num.gxt.xdelta",
      "ui\\action\\act_talk_win.gxt.xdelta",
      "ui\\action\\act_ui.gxt.xdelta",
      "ui\\action\\n00.gxt.xdelta",
      "ui\\action\\n01.gxt.xdelta",
      "ui\\action\\n02.gxt.xdelta",
      "ui\\action\\n03.gxt.xdelta",
      "ui\\action\\n04.gxt.xdelta",
      "ui\\action\\n05.gxt.xdelta",
      "ui\\action\\n06.gxt.xdelta",
      "ui\\action\\n07.gxt.xdelta",
      "ui\\action\\n08.gxt.xdelta",
      "ui\\action\\n09.gxt.xdelta",
      "ui\\adv_bg\\bg_0000.gxt.xdelta",
      "ui\\adv_bg\\bg_0001.gxt.xdelta",
      "ui\\adv_bg\\bg_0002.gxt.xdelta",
      "ui\\adv_bg\\bg_0003.gxt.xdelta",
      "ui\\adv_bg\\bg_0004.gxt.xdelta",
      "ui\\adv_bg\\bg_0005.gxt.xdelta",
      "ui\\adv_bg\\bg_0006.gxt.xdelta",
      "ui\\adv_bg\\bg_0007.gxt.xdelta",
      "ui\\adv_bg\\bg_0008.gxt.xdelta",
      "ui\\adv_bg\\bg_0009.gxt.xdelta",
      "ui\\adv_bg\\bg_0010.gxt.xdelta",
      "ui\\adv_bg\\bg_0011.gxt.xdelta",
      "ui\\adv_bg\\bg_0012.gxt.xdelta",
      "ui\\adv_bg\\bg_0013.gxt.xdelta",
      "ui\\adv_bg\\bg_0014.gxt.xdelta",
      "ui\\adv_bg\\bg_0015.gxt.xdelta",
      "ui\\adv_bg\\bg_0016.gxt.xdelta",
      "ui\\adv_bg\\bg_0017.gxt.xdelta",
      "ui\\adv_bg\\bg_0018.gxt.xdelta",
      "ui\\adv_bg\\bg_0019.gxt.xdelta",
      "ui\\adv_bg\\bg_0020.gxt.xdelta",
      "ui\\adv_bg\\bg_0021.gxt.xdelta",
      "ui\\adv_bg\\bg_0022.gxt.xdelta",
      "ui\\adv_bg\\bg_0023.gxt.xdelta",
      "ui\\adv_bg\\bg_0024.gxt.xdelta",
      "ui\\adv_bg\\bg_0025.gxt.xdelta",
      "ui\\adv_bg\\bg_0026.gxt.xdelta",
      "ui\\adv_bg\\bg_0027.gxt.xdelta",
      "ui\\adv_bg\\bg_0028.gxt.xdelta",
      "ui\\adv_bg\\bg_0029.gxt.xdelta",
      "ui\\adv_bg\\bg_0030.gxt.xdelta",
      "ui\\adv_bg\\bg_0031.gxt.xdelta",
      "ui\\adv_bg\\bg_0032.gxt.xdelta",
      "ui\\adv_bg\\bg_0033.gxt.xdelta",
      "ui\\adv_bg\\bg_0034.gxt.xdelta",
      "ui\\adv_bg\\bg_0035.gxt.xdelta",
      "ui\\adv_bg\\bg_0036.gxt.xdelta",
      "ui\\adv_bg\\bg_0037.gxt.xdelta",
      "ui\\adv_bg\\bg_0038.gxt.xdelta",
      "ui\\adv_bg\\bg_0039.gxt.xdelta",
      "ui\\adv_bg\\bg_0040.gxt.xdelta",
      "ui\\adv_bg\\bg_0041.gxt.xdelta",
      "ui\\adv_bg\\bg_0042.gxt.xdelta",
      "ui\\adv_bg\\bg_0043.gxt.xdelta",
      "ui\\adv_bg\\bg_0044.gxt.xdelta",
      "ui\\adv_bg\\bg_0045.gxt.xdelta",
      "ui\\adv_bg\\bg_0046.gxt.xdelta",
      "ui\\adv_bg\\bg_0047.gxt.xdelta",
      "ui\\adv_bg\\bg_0048.gxt.xdelta",
      "ui\\adv_bg\\bg_0049.gxt.xdelta",
      "ui\\adv_bg\\bg_0050.gxt.xdelta",
      "ui\\adv_bg\\bg_0051.gxt.xdelta",
      "ui\\adv_bg\\bg_0052.gxt.xdelta",
      "ui\\adv_bg\\bg_0053.gxt.xdelta",
      "ui\\adv_bg\\bg_0054.gxt.xdelta",
      "ui\\adv_bg\\bg_0055.gxt.xdelta",
      "ui\\adv_bg\\bg_0056.gxt.xdelta",
      "ui\\adv_bg\\bg_0057.gxt.xdelta",
      "ui\\adv_bg\\bg_0058.gxt.xdelta",
      "ui\\adv_bg\\bg_0059.gxt.xdelta",
      "ui\\adv_bg\\bg_0060.gxt.xdelta",
      "ui\\adv_bg\\bg_0061.gxt.xdelta",
      "ui\\adv_bg\\bg_0062.gxt.xdelta",
      "ui\\adv_bg\\bg_0063.gxt.xdelta",
      "ui\\adv_bg\\bg_0064.gxt.xdelta",
      "ui\\adv_bg\\bg_0065.gxt.xdelta",
      "ui\\adv_bg\\bg_0066.gxt.xdelta",
      "ui\\adv_bg\\bg_0067.gxt.xdelta",
      "ui\\adv_bg\\bg_0068.gxt.xdelta",
      "ui\\adv_bg\\bg_0069.gxt.xdelta",
      "ui\\adv_bg\\bg_0070.gxt.xdelta",
      "ui\\adv_bg\\bg_0071.gxt.xdelta",
      "ui\\adv_bg\\bg_0072.gxt.xdelta",
      "ui\\adv_bg\\bg_0073.gxt.xdelta",
      "ui\\adv_bg\\bg_0074.gxt.xdelta",
      "ui\\adv_bg\\bg_0075.gxt.xdelta",
      "ui\\adv_bg\\bg_0999.gxt.xdelta",
      "ui\\adv_bg\\bg_dungeon_00.gxt.xdelta",
      "ui\\adv_bg\\bg_dungeon_01.gxt.xdelta",
      "ui\\adv_bg\\bg_dungeon_02.gxt.xdelta",
      "ui\\adv_bg\\bg_dungeon_03.gxt.xdelta",
      "ui\\adv_bg\\bg_dungeon_04.gxt.xdelta",
      "ui\\adv_bg\\bg_dungeon_05.gxt.xdelta",
      "ui\\adv_bg\\bg_dungeon_06.gxt.xdelta",
      "ui\\adv_bg\\bg_dungeon_07.gxt.xdelta",
      "ui\\adv_bg\\bg_dungeon_08.gxt.xdelta",
      "ui\\adv_bg\\bg_dungeon_09.gxt.xdelta",
      "ui\\adv_bg\\bg_dungeon_10.gxt.xdelta",
      "ui\\adv_bg\\bg_dungeon_11.gxt.xdelta",
      "ui\\adv_bg\\bg_dungeon_12.gxt.xdelta",
      "ui\\adv_bg\\bg_pattern_c01.gxt.xdelta",
      "ui\\adv_bg\\bg_sta_n08_a.gxt.xdelta",
      "ui\\adv_bg\\bg_sta_n08_b.gxt.xdelta",
      "ui\\adv_bg\\bg_sta_n09_a.gxt.xdelta",
      "ui\\adv_bg\\bg_sta_n09_b.gxt.xdelta",
      "ui\\adv_bg\\bg_station.gxt.xdelta",
      "ui\\adv_bg\\bg_station_n08.gxt.xdelta",
      "ui\\adv_bg\\bg_station_n09.gxt.xdelta",
      "ui\\loading\\back00.gxt.xdelta",
      "ui\\loading\\back01.gxt.xdelta",
      "ui\\loading\\back02.gxt.xdelta",
      "ui\\loading\\back03.gxt.xdelta",
      "ui\\loading\\back04.gxt.xdelta",
      "ui\\loading\\back05.gxt.xdelta",
      "ui\\loading\\back06.gxt.xdelta",
      "ui\\loading\\back07.gxt.xdelta",
      "ui\\loading\\back08.gxt.xdelta",
      "ui\\loading\\back09.gxt.xdelta",
      "ui\\logo\\caution_000.lds.xdelta",
      "ui\\logo\\logo_bishamon.lds.xdelta",
      "ui\\logo\\logo_criware.lds.xdelta",
      "ui\\logo\\logo_table.cat.xdelta",
      "ui\\logo\\logo_tam.lds.xdelta",
      "ui\\mob\\aui_mob_win_00.gxt.xdelta",
      "ui\\mob\\aui_mob_win_08.gxt.xdelta",
      "ui\\mob\\aui_mob_win_09.gxt.xdelta",
      "ui\\mob\\aui_mob_win_10.gxt.xdelta",
      "ui\\mob\\aui_mob_win_11.gxt.xdelta",
      "ui\\mob\\aui_mob_win_12.gxt.xdelta",
      "ui\\mob\\aui_mob_win_13.gxt.xdelta",
      "ui\\mob\\aui_mob_win_14.gxt.xdelta",
      "ui\\mob\\aui_mob_win_15.gxt.xdelta",
      "ui\\mob\\aui_mob_win_16.gxt.xdelta",
      "ui\\mob\\aui_mob_win_17.gxt.xdelta",
      "ui\\mob\\aui_mob_win_18.gxt.xdelta",
      "ui\\mob\\aui_mob_win_19.gxt.xdelta",
      "ui\\mob\\aui_mob_win_25.gxt.xdelta",
      "ui\\mob\\aui_mob_win_29.gxt.xdelta",
      "ui\\mob\\aui_mob_win_30.gxt.xdelta",
      "ui\\mob\\aui_mob_win_31.gxt.xdelta",
      "ui\\mob\\aui_mob_win_32.gxt.xdelta",
      "ui\\mob\\aui_mob_win_33.gxt.xdelta",
      "ui\\mob\\aui_mob_win_38.gxt.xdelta",
      "ui\\mob\\aui_mob_win_39.gxt.xdelta",
      "ui\\mob\\aui_mob_win_40.gxt.xdelta",
      "ui\\mob\\aui_mob_win_41.gxt.xdelta",
      "ui\\mob\\aui_mob_win_42.gxt.xdelta",
      "ui\\mob\\aui_mob_win_43.gxt.xdelta",
      "ui\\mob\\aui_mob_win_44.gxt.xdelta",
      "ui\\mob\\aui_mob_win_45.gxt.xdelta",
      "ui\\mob\\aui_mob_win_46.gxt.xdelta",
      "ui\\mob\\aui_mob_win_47.gxt.xdelta",
      "ui\\mob\\aui_mob_win_48.gxt.xdelta",
      "ui\\mob\\aui_mob_win_49.gxt.xdelta",
      "ui\\mob\\aui_mob_win_50.gxt.xdelta",
      "ui\\mob\\aui_mob_win_51.gxt.xdelta",
      "ui\\mob\\aui_mob_win_52.gxt.xdelta",
      "ui\\mob\\aui_mob_win_53.gxt.xdelta",
      "ui\\mob\\aui_mob_win_54.gxt.xdelta",
      "ui\\mob\\aui_mob_win_55.gxt.xdelta",
      "ui\\mob\\aui_mob_win_56.gxt.xdelta",
      "ui\\mob\\aui_mob_win_57.gxt.xdelta",
      "ui\\mob\\aui_mob_win_58.gxt.xdelta",
      "ui\\mob\\aui_mob_win_59.gxt.xdelta",
      "ui\\mob\\aui_mob_win_60.gxt.xdelta",
      "ui\\mob\\aui_mob_win_61.gxt.xdelta",
      "ui\\mob\\aui_mob_win_62.gxt.xdelta",
      "ui\\mob\\aui_mob_win_63.gxt.xdelta",
      "ui\\mob\\aui_mob_win_64.gxt.xdelta",
      "ui\\result\\banner00.gxt.xdelta",
      "ui\\result\\banner01.gxt.xdelta",
      "ui\\result\\banner02.gxt.xdelta",
      "ui\\result\\banner03.gxt.xdelta",
      "ui\\result\\banner04.gxt.xdelta",
      "ui\\result\\banner05.gxt.xdelta",
      "ui\\result\\banner06.gxt.xdelta",
      "ui\\result\\banner07.gxt.xdelta",
      "ui\\result\\banner08.gxt.xdelta",
      "ui\\result\\banner09.gxt.xdelta",
      "ui\\result\\cha00.gxt.xdelta",
      "ui\\result\\cha01.gxt.xdelta",
      "ui\\result\\cha02.gxt.xdelta",
      "ui\\result\\cha03.gxt.xdelta",
      "ui\\result\\cha04.gxt.xdelta",
      "ui\\result\\cha05.gxt.xdelta",
      "ui\\result\\cha06.gxt.xdelta",
      "ui\\result\\cha07.gxt.xdelta",
      "ui\\result\\cha08.gxt.xdelta",
      "ui\\result\\cha09.gxt.xdelta",
      "ui\\result\\num.gxt.xdelta",
      "ui\\tutorial\\tuto01.cat.xdelta",
      "ui\\tutorial\\tuto02.cat.xdelta",
      "ui\\tutorial\\tuto03.cat.xdelta",
      "ui\\tutorial\\tuto04.cat.xdelta",
      "ui\\tutorial\\tuto05.cat.xdelta",
      "ui\\tutorial\\tuto06.cat.xdelta",
      "ui\\tutorial\\tuto07.cat.xdelta",
      "ui\\tutorial\\tuto08.cat.xdelta",
      "ui\\tutorial\\tuto09.cat.xdelta",
      "ui\\tutorial\\tuto10.cat.xdelta",
      "ui\\tutorial\\tuto11.cat.xdelta",
      "ui\\tutorial\\tuto12.cat.xdelta",
      "ui\\tutorial\\tuto13.cat.xdelta",
      "ui\\tutorial\\tuto14.cat.xdelta",
      "ui\\tutorial\\tuto15.cat.xdelta",
      "ui\\tutorial\\tuto16.cat.xdelta",
	  "movie\\Ending.wmv.xdelta"
    ],
    "ListMd5Files": [
      "a34ef4d2c8e3d5631e018fc7ce8dcecb",
      "41ef41189d4a9624ee554392cd71c0be",
      "a0c7c3658219dd8f4252cd9055226420",
      "d8846b310609cf03259e51d538d16893",
      "89e5ddddb3eb0a7b371758e55d5a1652",
      "4b50e7379a5a775d6799b1e08b0dba34",
      "83b35435a98662804e5f7db071c2ca38",
      "31dba7a70c7a646d09449cf83653fe3c",
      "9b582c6e1a6bb7543b9a3e56571dc1e2",
      "80c3d83110a9eaa167bdc934a51310ba",
      "38467e9c656a6d1af2a777343179c037",
      "307568d524a445df9b57a0e06c042c64",
      "20ea20743aa7cf2a6968ae014cb0a730",
      "b425dc7a3c438101ec4ed9aaac5e378f",
      "95321851a2186574dc3d0686c1ba314d",
      "d54cab3b5d12a0c301ffdaed3f268274",
      "e03c9f4aa99159b9d6dce37a753abab6",
      "8b12e7ac433d3070bb349e35d2f09178",
      "b61f2dce6770c6c50226761c57267ea4",
      "154f6667f4c69cdb4e1195b8ac33fe08",
      "5dbb75f39886ea24e9464697f367aea1",
      "e6acc9f290d9354295cef293724d8a55",
      "fc74a0086cdde71771949507af7eb475",
      "7f2729ff05563ac179aa47a0d7c9936c",
      "936cf80e635cb231b96b0d63803b4667",
      "1d3470019227aec2d8e81afdf90f318b",
      "d28aa44382dbf76835c7eb6e307a72f0",
      "d5bdd73c010469ca6eb4452b7d761810",
      "90e454b7cd5d280f6729b2e68aa8232c",
      "3ee7478cd4bd47265f3cfdea17a89be7",
      "17526e6bf29967eb1034ef7256df18f3",
      "67df96c53056a514ae9503aa3e7cdf4c",
      "cda008519f121a423b58b1318a75c059",
      "176816ad3aaa2d97536bde5d9f5acd79",
      "f677d3dc145d4f9e95a911833213c0f5",
      "474286f8f394b777658d06a667210aa1",
      "fc50a7f2b5ef99eda5ed0f2c53d3d97e",
      "0315d2ca5449f48a0c03734faaf9b272",
      "72c5bfb19395a44afb76cc2481547c99",
      "9c623284757a569b17055d7419953e09",
      "ce9d5aa4bb903f8c309d4823f91154dc",
      "12f96ecb69a66fcfef23ea7e5ce75021",
      "ecbae21d2c368ac363024b23432f3b64",
      "16d8abdf13fd8a600c8fc402250e36e8",
      "46923a3550064ce70f92b9d178b04112",
      "98bb2e309353e53267338e525fc4eb17",
      "79e48ae42a804e9e68f1ca7f16e01916",
      "4227e8ad9c90aa9170983b1a2d186019",
      "ce32390406124d2478f61ea3d92ab782",
      "ed3ae52befbe7431270dbf88cf5038a9",
      "91638f0f9cf1707953f7dee83c6c3fef",
      "c0c0e8d2603ea372b41df73ae63843f9",
      "445855d9978f7252e25c4cfbcb9440b9",
      "3d04884f2fd9829e93e3652b72675ac5",
      "68382a4adf0cfe804ff7329a8bab70b7",
      "95caf58de77744f4864702bb340bc732",
      "3c94c73d141b5ac8d8a30df03186ed0e",
      "caa7bd6eea68111cc3a17bec3b87d11f",
      "f6f4d486f2202b245a76fd643d348cca",
      "1038506310bdfdb6290a4ad4f0fe2d4a",
      "680f3166086f02b011e7578e581cfa3b",
      "41b3c4322b3b2f2e9ebf038b489ff17c",
      "7a2929a50cfbae3e218cea62600d18bd",
      "fb419023519feed3e4d881ad6e37c9a6",
      "f74a8f27fca734beaeda58ea2f05fedc",
      "767613221efbbba5512adf26cd41b2f0",
      "084da8af121e4b2b4ed0b91df30e0f9b",
      "1bdbe8e64a64fe0bdf70c8d5cb25c22f",
      "aba47a7c18b3369d7791b3965ed8ca56",
      "c8d494af55d0729e184ce81eb0874640",
      "8714328731043611001daa55028a6662",
      "d24ea5e6b0b0589cc47d5411c923030a",
      "e1b841995f270fbbd375bee16f7ebfdb",
      "e4539aced7587b6fa6dddc137b6868fe",
      "2fec2206603194632bcc3fc07a411aa3",
      "74c2add29df37e52dc2b8bd3f95bdb63",
      "084da8af121e4b2b4ed0b91df30e0f9b",
      "1bdbe8e64a64fe0bdf70c8d5cb25c22f",
      "e6c9747e0b07f63e58531bed5191dc03",
      "5f46919a93e98825f0dd7c1abbc3920e",
      "eacc57063ef908f7e6ad8c8f61b73010",
      "95e18cd2bbe7a8e3211ca505e3767e48",
      "9b56e5d3915ddd306bf949629381d2cf",
      "b5a6c9866d9e9ad4a9ec1410ab83140b",
      "43d3977c53ea86f04bddb1fdc5c5a838",
      "b26be8c794e2fe2da4da62bf3e81585b",
      "c5f94e729c7cfc7401d7ddc351470f79",
      "9826b350c03f1428e035850424e60f75",
      "bdda301860a452fa4d31df5aeaa6eb32",
      "0fe59f65743166f2f2c4bf5531d29139",
      "48ebd6015d84a207dcb7aeab9109c530",
      "57f906b08828b27168716849cc09de10",
      "756c1c6dbfa159799609734698af96ee",
      "d94ee1ca94f330d6b4556cf030f07ce6",
      "128646036e4fd13834ecadd3ff8825af",
      "fe262fae47dc8b31e244931253627e88",
      "efb8d3dc4acd75d17f697822d07010b3",
      "fe8e6ef606f3f897528c266abcfa6f36",
      "ee3b339e2c13acdb27ab2a6e402f14a5",
      "a1c601ff50ba2204f8aed638ce0f2b35",
      "07ed5f7c2ef5dc067ba17a1d595451d8",
      "adff1d89e3727f9c8d5c6a99dab7ad57",
      "ce3e6339a140fb961e9439c662b780e0",
      "a75da35fd7d77bb196fb2b6e0442509e",
      "0d267bb9f1b0b0b3446144e7922e3b2f",
      "65e20d0a14944cc5f12b54ac00c3371e",
      "74ed811d0fb0f8e2068605b7f66098e1",
      "d1174753e97bc029dcc30918c963ab1b",
      "53c9436c87e42afd49cd1275c0e91999",
      "99a043170ad624fd250876ab29a04e56",
      "733dbd921b7cb6ced3fc06d53fedd0d7",
      "bfd56f1519ec3d9ff83b08253373b8c7",
      "c324ce0dd34d9f41d4a7202c8bdc8fb7",
      "42a7efedb1778b6b7b6c24c9b0179e72",
      "dc423bcf25949a236daa368b2f363144",
      "ba0f58d6d72e5b0c15ff0c2925e2a096",
      "ccab57062912be20d5ffc880197963b9",
      "a3928e4de8238fd0f6798f781e804f7c",
      "35430cbb32e1032e13d2afbb7915700c",
      "3a7282f9be1e2e5c214fe354da7779da",
      "8972ca286bfe2f20c87686f5be5624d8",
      "d5e9a8848e325678e185826c4cb52488",
      "f12a8fd5760aadc9d02647d43374aa63",
      "c7d6474edb1fc58004610af69a32d526",
      "3d324ee2434009b48e6242a8b82d9b4c",
      "94a9ceb3f8816c9a8d823500a43612ee",
      "77d899cdb2fb926555da3ec32b256a5a",
      "77a1b9c199377b5096f3cbb424f0de96",
      "21a29b22ef79bef378935783aa0a35d1",
      "b4ed8e182bc82af79409b864c438beb2",
      "8d5bb28002a11aaec8906e0332a29046",
      "83c3cc329bbc75d5347120d6d0a4298b",
      "99b87133f5a4445a44a2d293386861d9",
      "1bfa85392c61ad3e4673d334c49c2880",
      "3d3465e16136e8b8bfefb614a84a6249",
      "3e74572ade6789c93484c51e6ab2a419",
      "d49a501eb53e0aed6738a94687ecca10",
      "dabc5758de614a80a042c5face0d20f9",
      "db7da4f9788a9c3c97b8d12d42918787",
      "f49409d6fe14ab11d3136e8f933e9bb1",
      "74eb80bfbd9eac9ff9c6788b804e0685",
      "0ffb9793038c8249c8f12cd9c03c9cc1",
      "7de9408d15f768c6f89c42ab1fee258c",
      "4474aaf9fb8917033af3635f2597b5ac",
      "59cc55ab26abb105974b1a3345349c61",
      "38ba40bdf7d34f9871eb480b219acd8f",
      "c9d62dc34c59a734f3030c1094cfc64b",
      "c9d62dc34c59a734f3030c1094cfc64b",
      "dd15602482c75480a05b7a0082d27202",
      "39942c66858cab2a68fb8f401eda1428",
      "c9d62dc34c59a734f3030c1094cfc64b",
      "16ff5d4606911935699c6d8291812228",
      "2ca0e16b95f35fa150cccaf822021c23",
      "554d61ed48067c6b2e5f982302b4ed38",
      "e83e10864a2726b276be2b40067de6d1",
      "588a6a58f49dcab164a09241298449ac",
      "5b090185a3651c6d39ba34eda82655ab",
      "901c95431f432ebdedfe7cac8553f707",
      "19b7920897bfa8e0fd179ed7c5795b9d",
      "1520ba4236e3cfe9bb4fa5bc686c7638",
      "77417dd2cfbb39ebcda9d004825040c5",
      "757168f94733204808a491120c31a31c",
      "3824acf805d7dfa8ef95eedd7a53b887",
      "a2388d38566a32831ecd7b8528096d6f",
      "5e527a6ba9e063413165d359ab23ab1e",
      "c7374bacec2870cc0a0931baff4f534b",
      "8b266fbfcb0fbb979fa814128ef673e2",
      "a346cc1c00b7259e7ff24de38db9aaef",
      "c0c0e8d2603ea372b41df73ae63843f9",
      "e0b99edd64fdbb4fae94237ca0eba01c",
      "8b0e3d6af29499dbcd90b0e377b59e3a",
      "16616605f57323233728f219d64b4755",
      "5686ead062734879cee10f5cf726fdd7",
      "c4ebe5c1be28108900f58e435681d459",
      "cc5bb9c4cdf270f92398f731a8d676e3",
      "a4da0ec966e3dc8f08eca1cf84570a2c",
      "3634f45ca08ac0e328f1e4101c58301d",
      "7af12115a96721c6651f870d38d12fa7",
      "bc4fc0c0e43933b6e9819027dee68c1e",
      "9fc7fd77cf329e793d6b4d59e7f9e83a",
      "e2e96865416f09cdbdf584709a461bf3",
      "b2738a170c6d6970939a6ee6caa6daf6",
      "88512f065d6421bb16f415ffe7775e2f",
      "512408bd406b632f161a95a88ca22b8f",
      "1e0508786287608631ed6ba413442979",
      "0e48deec345295261adc51f7e00b5c46",
      "1ebac9e3d42cb4a7355d4e780f468123",
      "d11d5225c0ea222a5fe003bac6265947",
      "2b7b6c35f5f25e0da202b70f1b829506",
      "92def7693d40f97f02882a191f916a33",
      "af14ffc4032ddadcd472c51813f2c1e6",
      "e4f6b886c48acbd71d8abbeac6d25275",
      "fa4bcaf76f566fdb6ae7c9ff8e21eef6",
      "40b9918980968cf3d9d542eaf3e43f72",
      "b72d1e7fd6e9d2338076f42f3972133f",
      "dfcaf64465e86aee631de5c8aac6ff5b",
      "b3eea1fb80b188bdebcf7be9f863b3c9",
      "4b635367b2d320633a58dd2f99638337",
      "050cd587fa76a5489424ec7debebca36",
      "ca5f6e9848ad4ef9665b017ffb211bba",
      "7c8f735fac8086464c0d8c5fb9ed22e0",
      "3e23be779ae0418dacf8c595a18f96f2",
      "6e178a2236ba43bdc52fbf0151238820",
      "39942c66858cab2a68fb8f401eda1428",
      "54e63ccd0da01c2adfbbbc24c493cbd2",
      "bdcfde535db14bfceb593243d06e591d",
      "80058295debcf74919b8e15c74d4a7d9",
      "24ca347d863fe478180262dff4a4c768",
      "3ff75b252bb7bfb329cfffc61a511fe7",
      "7268904c67c1519ca63e04fc969082b1",
      "c2930400990317d2c979ad4b7c5c2c42",
      "c2930400990317d2c979ad4b7c5c2c42",
      "c148f4bcfc4a92ac47a3eac740a8642e",
      "5b958ed28787bf5cdb0e7a20f491dfd7",
      "e3738fe4289009b2176fa983a0e5e5ec",
      "15fe9b548f714e36b7c1aa09ebe21e70",
      "f7eafa7a20d552f6cc72092cb3ea75e9",
      "18372018728fc0d3e9ef9c9460867baf",
      "383312576ce985e7b230b97e1685e416",
      "4c917fd54a044c76b6a85485d47d929d",
      "430e998b30a12c92089257e07b832800",
      "22e8c60d5634cc38c1e13ca97671b804",
      "346b414c87ac13b94d2d29371321110b",
      "8ae765e83bed01c733e8ff152e461c39",
      "eb3d3e208c244a4d34dc3e27b47a706d",
      "78716ee4dc1578701cb2d8419970bb59",
      "e4a68b2758746d91fab49dda428522f1",
      "79aa5700e6cf1c82b8701e5150417723",
      "cfad26bdbe04710aaeadef74e5c42214",
      "a2c39a7e20256423d1d478a8df874857",
      "7a1c4d025bfbf6463b35c9676c9d6309",
      "9e4371b32d4f592c112aba6e6cb857f3",
      "3db7bffded10bcee0ecf321fa9a441a0",
      "d49bcd6e31f38a2309ff71e9924bc0ad",
      "08eb63a709ce79be7ba713e78ed47bec",
      "e5c4b32388c885390dfe65cd98b8f443",
      "cb82bce932e149be723fcf8672f28d23",
      "b08fb2d08f2bbbec7282cd221ae68af0",
      "bf05cbb69284c4c816645677c7fca076",
      "f94470041825cf40fad8835fb0598166",
      "f508b97e6a42a1b8456517802df9f284",
      "90ac5788aa0e08c3845f55d62a0141b0",
      "1d1624de1fcd83b0f03fc41901caab5a",
      "7ade7ecb6c456050d1a72165c641eefa",
      "5819026dae002e08d3876c7f36d75dd8",
      "f3386b2a3f646112022c95178113f3e6",
      "0fc384cbb6fc546995eeeb00a604eeaf",
      "09fb70b7958283e00cdaaea1b9d72a56",
      "3a7604e61452650ad118232dc81a3f24",
      "d2d713fe6ef06db6ec4487c16cfd55e3",
      "8e8fb92e4578eed76d6062001d713548",
      "6a4c2bed282884491a9ecb8e56acb046",
      "1d1624de1fcd83b0f03fc41901caab5a",
      "12f53eb917d4d9c468c7682d7e3860ac",
      "0071dbb5cf35575207d4e8a9a9bf8cd7",
      "1ff5cde0e6ccc29a0f5683365454de47",
      "4b42840e410887a60a527b9d39ad74ab",
      "31726abb2ac558d469856f88bf7d45b0",
      "f187f76dec3d6a375d271498e3d3ff8f",
      "50540c8a2ebcdf8fbb3b850ba99ed4fd",
      "a055b6dd2b0b75eda6c6b003d419da16",
      "cf612f5c720bd33a192b455933bbc9d9",
      "ae54f45fc374fef754ae7e6e16635bb8",
      "5a3991aaec037122e542ad677d17ac93",
      "036f29ce6058b0913f4e532ae25f9a27",
      "6a9c7cc5153c7773987aa33199347580",
      "249e01dc72d1131efdc4f4021b305092",
      "a8f550a00a450342d3136d8c6aa436e0",
      "8bec581f289091db6db1653fd7a3fabc",
      "1b04d9bc2d2e17331c1a1892f12c6324",
      "1a86e7f2583b665f2035036a466c87b6",
      "5c5147895e2f13b2921745dfb56db1dd",
      "094ba9975761f4d2bc445437dba91df4",
      "dcd5b7c29e3988450c2b7a68f91492f9",
      "04ac50eb37607294817e4018a371a96c",
      "a1814d3fc77c4c988677e65563fa3279",
      "272dc25b868a39e68f1f35ec75d5f2f8",
      "a4a9d8354bb0ff4a65bf8ee36e97f53c",
      "f76d70b8e83f6edb8cf695697b9614be",
      "367d7b79dae4b413cb306ed407e0ac92",
      "2df1743b840c338cd1f83deb3a5f482b",
      "6c1c5d8cd83499c7a71a0c0997096944",
      "35e57e07811a9b1cb654737025536896",
      "b1dc6cacebb4e23bcc2e74c81bad1ce9",
      "9f6687b73310b620c9fe661cd843931c",
      "247e193617d33f28006bf7b5ade1f365",
      "0a679a4e21bc7ad9e8f12864298bc8bc",
      "0ebba607213679a6b556282c1bd23ed0",
      "c3858e85ab3b309447f0204c20fcaeef",
      "6feddff1a882bb688c632629d214b87f",
      "9cb01e9f38837c4b585da66db74b8bb6",
      "baad95be7a9979cc4eb98d9cf4f22827",
      "90b3aacc01c0465b9929f8e1f47dc17b",
      "bf5cf03bacdd87a480917f21e8cf8156",
      "f2b1af74a0682840bfb888c2b7ea9742",
      "80e3b205fe21ea15ff282df3b1d7dbb7",
      "6fe64f22882adde11c8757d410ed4daa",
      "0f700ae1e0ecdd20443144e6b53e1456",
      "526644051063c91513c8061d9fff9b35",
      "d73657dddf98b208b115dc072e966a33",
      "d2db63612eba6d88749ce00264567f50",
      "31afeb4d8678d045f973492534086267",
      "62d2c912158e60599533d77f1ff23953",
      "481646223704e35df05ffd79fd677f5b",
      "d97066f1da6fb61aa04b2d79f92625f1",
      "20b9b4aa0b80233de40cbb82d8a1328e",
      "111d4b078bf8b5eaf6650350ec330e7d",
      "0f47c9c4a891cd9fdff17521fe90da25",
      "8466e9e29c80ca82d6b0dc9f078f2a0b",
      "692aecf56c3e108512301336271da410",
      "7f29beab428561634da6b349489a6791",
	  "6f942403bfc182ad0610b0f6c6dcdb2d"
    ]
  },
  "Info": {
    "PatchId": 1,
    "PatchVersion": "1.0.0",
    "Changelog": "<h1>Sample</h1>"
  },
  "OutFolder": "asdasd",
  "TempFolder": "asdasdad",
  "FilePath": "C:\\Blablabla"
}